"未だしも","まだしも","rather, better","未だしも憎しみや嫉妬はなお愛には相違ない事を示していますのに。"
"凝る","こる","to grow stiff; to be absorbed in, to be devoted to, to be a fanatic, to elaborate","山に凝ったがために、おそらく会社はやめさせられたのだろうと思った。"
"彼此","あれこれ","this and that, this or that, one thing or another, this way and that; around, about, round about, roughly, nearly, almost","持主のドイツ人が見せ物をしまつたのは、彼此八時頃でもあつただらう。"
"吸い込む","すいこむ","to inhale, to breathe in, to suck up, to imbibe; to absorb, to soak up","死体から出ている物質を、一緒に吸い込んでしまいそうな気がしたのだ。"
"言い返す","いいかえす","to talk back, to answer back, to retort, to reply, to respond; to say over, to repeat (what one has said)","それとも、そう言われることが日常すぎて言い返す気にもなれないのか。"
"寝転ぶ","ねころぶ","to lie down, to throw oneself down","電気を消して畳に寝転んでいると、雲のない夜の空に大きい月が出ている。"
"寄越す","よこす","to send, to forward; to hand over (e.g. money)","妻は一度手紙を寄越したが、その手紙には何の感情も籠つてゐなかつた。"
"食いしばる","くいしばる","to set one's teeth, to clench one's teeth, to grit one's teeth","彼は何か言おうとしたが、歯を食いしばっているため言葉が出なかった。"
"爽快","そうかい","refreshing, exhilarating, invigorating, bracing","爽快な笑顔の中にも、どこか無理に作って笑っているような影があった。"
"うろうろ","うろうろ","restlessly, aimlessly, without purpose; to loiter, to drift, to hang about doing nothing, to wander aimlessly, to be restless; to be restless, to fuss, to be in a fidget","洗濯部屋をうろうろしてしみが残りはしないかと気をもんでいましたわ。"
"以て","もって","with, by, by means of; because of, on account of, for, due to; on (a day, date), at (a time), as of (e.g. today); adds emphasis to preceding word; in addition (to being), moreover, as well as, and; therefore, and so, hence","私の内部にはいうまでもなくかかる要求が大きな力を以て働いている。"
"先制","せんせい","head start, initiative, preemption","そんなこともあってか、自分から先制してパンチを出すことができない。"
"照れ隠し","てれかくし","hiding one's embarrassment","男の住む部屋に一人でやって来て、照れ隠しをしているのかもしれない。"
"いつの間にか","いつのまにか","before one knows, before one becomes aware of, unnoticed, unawares","夫人はいつの間にか腰掛けの上に小さくなって顔もあげずに聞いていた。"
"目覚ましい","めざましい","remarkable, striking, brilliant, splendid, spectacular, wonderful","特に2000年中期以降に目覚ましい普及を見せているのがロシアである。"
"目","モク","eye, class, look, insight, experience, care, favor","私は画面から目を放してもう一度君を見直さないではいられなくなった。"
"遂げる","とげる","to accomplish, to achieve, to carry out; to arrive at (a certain outcome), to come to, to end with","あて人は、世の中になし遂げられないと言ふことを知らないのであつた。"
"有るべき","あるべき","ideal, desirable, the way something should be, target, goal","弱いけれど名人の風格などといふバカげたことが有るべきものではない。"
"好ましい","このましい","nice, likeable, desirable","この事件には背後にぼんやりとした好ましからざる要素があったからだ。"
"嘆く","なげく","to lament, to grieve, to regret; to deplore","もう得られることが出来ないものを嘆くほど今の私は不幸ではなかった。"
"嘗て","かつて","once, before, formerly, ever, former, ex-; never yet, never before, first time, still not happened","嘗て私は偽悪家と称する者で感傷家でないような人間を見たことがない。"
"捉える","とらえる","to catch, to capture, to seize, to arrest, to grab, to catch hold of; to grasp (e.g. meaning), to perceive, to capture (e.g. features); to captivate, to move (one's heart)","知識の相対性と絶対性の問題は歴史のうちにおいて捉えられねばならぬ。"
"従って","したがって","therefore, consequently, accordingly","後の場合の性格は誤られたる従って性格でない処の性格であるであろう。"
"分ける","わける","to divide (into), to split (into), to part, to separate, to divide up, to classify, to sort out, to divide out; to share, to distribute, to deal out, to dish out; to distinguish, to discriminate, to differentiate (between); to break up (a fight), to mediate; to call a draw, to tie; to push one's way through (a crowd); to sell","果もない波の原を分けて行く船の舷側にもたれて一人の男が立っている。"
"筋合","すじあい","reason, right","どこまでも秘密から秘密へと落ち込んで消えていく筋合のものであった。"
"改修","かいしゅう","repair, improvement","この実績がものをいい、第六スタジオの改修もまかされることになった。"
"探査","たんさ","probe, inquiry, enquiry, investigation","そうしろと指示されてはいなかったが、探査体はさらに接近をつづけた。"
"診察","しんさつ","medical examination","けれどもあの人は最うあれきりこの間から診察を受けに來たのを見ない。"
"武勇","ぶゆう","bravery, military prowess, valour, valor","鬼手に気付いたことには感心したが、その武勇はまるで信用していない。"
"武勇伝","ぶゆうでん","biography of a brave fighter, heroic saga, chivalric romance; tale of one's heroism, episode of bravery, acts of violence","まだ大正の頃の話で、あの寺を訪れると必ず聞かされる武勇伝であった。"
"縛り付ける","しばりつける","to tie, to restrain, to confine, to bind, to fasten","特に何かをするまでもなく、その存在だけで上条の体を縛り付けている。"
"象徴","しょうちょう","(abstract) symbol, emblem, representation","こうした生活は単なる生活以上の何かすぐれたものを象徴していました。"
"有らゆる","あらゆる","all, every","われわれは有らゆる手段をつくしたけれど、何の効もありませんでした。"
"とどまるところを知らない","とどまるところをしらない","knowing no bounds, showing no signs of stopping or slowing down","-"
"準拠","じゅんきょ","basis, based on, conformance, conformity, authority (of), standard, reference","車体を新製したにもかかわらず窓の上下寸法が電車のものに準拠している。"
"所在地","しょざいち","location, address","会社関係の所在地リストで地名を検索してみたんだけど、ごく少ないね。"
"仰々しい","ぎょうぎょうしい","exaggerated, bombastic, highly colored, highly coloured","いまの志摩子を見ると、舞台ではやはりあの礼が少しも仰々しくはない。"
"幽谷","ゆうこく","deep ravine, glen","私の家へ引き移った彼は、幽谷から喬木に移った趣があったくらいです。"
"射す","さす","to shine","隣の社の境内から朝日が静かに射しているのも嬉しいことの一つだった。"
"見学","けんがく","inspection, study by observation, field trip, tour, review","女の子がいい気になったところで、見学だけだといって店に連れていく。"
"孤児","こじ","orphan; person without friends","わたしはかれがもう孤児院へやる考えを捨てたのだと思うようになった。"
"一帯","いったい","whole area, whole region; stretch (of land), tract, belt, zone","彼らがつぎにいってみた島の北東側一帯にも、同様の拡張が認められた。"
"流浪","るろう","vagrancy, wandering, nomadism","地名は土地を捨てて流浪していた人々を集め入植させたことに由来する。"
"分け隔て","わけへだて","distinction, favoritism, favouritism, discrimination","生涯スポーツとして年齢に分け隔てなく参加可能なものという考えもある。"
"資源","しげん","resources","人間という資源を大切にするためにあらゆる努力をしなければならない。"
"仕切る","しきる","to partition, to divide, to mark off, to itemize; to direct, to take control, to manage, to take responsibility; to settle accounts; to toe the mark","小さな部分ではなく、全体の大きな流れを仕切ろうとしている奴がいる。"
"臨む","のぞむ","to look out on, to overlook, to front onto; to face (a situation, crisis, etc.), to meet (e.g. death), to be confronted by; to deal with (an issue); to attend (e.g. a function), to appear (e.g. in court), to be present at, to take part in","世の中のことはやはりその場に臨んでみなければわからないものなのか。"
"落とす","おとす","to drop, to lose, to let fall, to shed (light), to cast (one's gaze), to pour in (liquid), to leave behind; to clean off (dirt, makeup, paint, etc.), to remove (e.g. stains or facial hair), to lose, to spend money at a certain place, to omit, to leave out, to secretly let escape; to lose (a match), to reject (an applicant), to fail (a course), to defeat (in an election); to lower (e.g. shoulders or voice), to lessen (e.g. production or body weight), to worsen (quality), to reduce (e.g. rank or popularity), to speak badly of, to make light of, to fall into straitened circumstances; to fall into (e.g. a dilemma or sin), to make one's own, to have one's bid accepted, to force surrender, to take (e.g. an enemy camp or castle), to forcefully convince, to press for a confession, to deal with; to download, to copy from a computer to another medium; to make someone swoon (judo); to finish a story (e.g. with the punch line); to finish (a period, e.g. of fasting)","そういうふうな散歩はすっかり評判を落としてしまうものではあるが。"
"製造","せいぞう","manufacture, production","そしてまた、あの製造法を知っておるのは、この地球上にわしひとりだ。"
"取引","とりひき","transactions, dealings, business","これは、二人の紳士のあいだの商売の取引のようなものであったはずだ。"
"高価","こうか","highly priced, expensive, valuable, costly","しかし高価なもののみを作ることは一つの社会的悪を構成しはしまいか。"
"高値","たかね","high price","この貿易において、日本の銅は国内よりも非常に高値で明に輸出された。"
"浮いた","ういた","amorous, flirtatious, romantic; light, frivolous; flamboyant","じっと見つめていると、骨の浮いた体が静かに上下しているのがわかる。"
"解体","かいたい","demolition, taking down, dismantling, disassembly, taking apart; dissolution (of an organization, company, etc.), breaking up; dissection (of a body)","あらゆる部品や装置は、奇妙なわけのわからない方法で解体されていた。"
"除去","じょきょ","removal, getting rid of","この関係分解により冗長性がどのように除去されるのかに注意すること。"
"隠蔽","いんぺい","concealment, suppression, hiding","イジメの事実を隠蔽しようとしてたんだから警察に言うわけありません。"
"倉庫","そうこ","storehouse, warehouse, godown","倉庫は奥の方までかなりたくさんの部屋がつながっているようであった。"
"航行","こうこう","cruise, navigation, sailing","一緒にこの期間のビデオ記録と、航行データの詳細も送ってもらいたい。"
"傲慢","ごうまん","haughty, arrogant, insolent, proud, overbearing","広介さんは、それが私の傲慢さに見えて我慢が出来なかったのでしょう。"
"竜","りゅう","dragon (esp. a Chinese dragon); naga, semi-divine human-cobra chimera in Hindu and Buddhist mythology; promoted rook","しかし、竜一の存在は、彼にとっていつも邪魔であるとは限らなかった。"
"模倣","もほう","imitation, copying","日本の製品が輸出されている他、海外で模倣して生産されたものもある。"
"よそ者","よそもの","stranger, outsider","客たちは二人をよそ者扱いしているのかどこか馬鹿にした風に二人を扱う。"
"呆気ない","あっけない","unsatisfying, disappointing, abrupt, not enough, too quick, too short, over too soon","あまりにも呆気なく手に入ったから何か裏があるのかと警戒しているんだろうか。"
"愛想","あいそ","amiability, friendliness, affability, sociability; fondness (of someone), affection, liking; compliments, civilities, courtesies, flattery; hospitality, special treatment, entertainment; bill (at a restaurant), check","そしてわたしに別れを告げたときには愛想がいいといえるぐらいだった。"
"愛想を尽かす","あいそをつかす","to be disgusted with, to run out of patience, to fall out of love","-"
"相次ぐ","あいつぐ","to follow in succession, to happen one after another","爆発や悲鳴がまだ相次いでいたが、戦闘はすでに終わりに近づいていた。"
"相次いで","あいついで","one after the other, successively","爆発や悲鳴がまだ相次いでいたが、戦闘はすでに終わりに近づいていた。"
"敢えて","あえて","purposely (of something needless, unexpected or seemingly counterproductive, etc.), daringly (doing something), deliberately, intentionally; not necessarily, not particularly, not especially; definitely not","敢えて想像すれば母親の主人と母親の間に生まれた私生児であったろう。"
"悪どい","あくどい","gaudy, showy, excessive; crooked, vicious","何にでも理屈をつけてしまう私の悪い癖、悪どい癖かもしれないけれど。"
"嵩む","かさむ","to mount up, to pile up, to accumulate, to increase","台枠のみに強度を持たせたままでの鋼体化は重量が嵩むのが問題となる。"
"滅ぼす","ほろぼす","to destroy, to overthrow, to wreck, to ruin","必要とあれば宇宙を滅ぼしてでも、それが実現するのを許してはならぬ。"
"痛み止め","いたみどめ","painkiller","皮脂はそのころの痛み止めの原料として薬局方で広く使われていたのだ。"
"鎮痛剤","ちんつうざい","analgesic, painkiller, sedative, tranquilizer, tranquiliser","鎮痛剤の効果があり、ラットの性行動を増加させることが示されている。"
"他愛もない","たわいもない","silly, foolish, absurd, childish, easy, trifling, guileless","人は笑ひながら涙を流すことができるといふ他愛もない落ちなのである。"
"一定","いってい","fixed, settled, constant, definite, uniform, regularized, regularised, defined, standardized, standardised, certain, prescribed","話す人は言葉の技術によって相手を心の一定の状態におくように努める。"
"韻律","いんりつ","rhythm, metre (poet)","自由詩がもし詩であるならば必然そこに何かの韻律がなければならない。"
"古代","こだい","ancient times","古代奴隷制以前の社会では、捕虜は皆殺されることになっていたらしい。"
"鉱山","こうざん","mine (ore)","十年前に発見した鉱山はあのままだれにも手をつけられずに残っていた。"
"運行","うんこう","service (bus, train), operation; motion, revolution, movement","太陽と地球との宇宙的な運行だけは、貴族にも手の出しようがなかった。"
"懲役","ちょうえき","penal servitude, imprisonment with hard labor (hard labour)","こんな夜が一週間も続けば、懲役の半分は参ってしまうに決まっている。"
"剥奪","はくだつ","stripping (of rights, office, etc.), deprivation, divestiture, forfeit, revocation","追剥はその著名な人物を彼の随行員一同の目の前で剥奪したのであった。"
"科する","かする","to inflict, to impose (a fine, etc.)","何時か、目の前の男たちは、自分にそれを科するだろうと思ったからだった。"
"補給","ほきゅう","supply, supplying, replenishment","話を続けるために必要なエネルギーを補給しているような飲みかただった。"
"保つ","たもつ","to keep, to preserve, to hold, to retain, to maintain, to sustain; to last, to endure, to keep well (food), to wear well, to be durable","博士は六〇メートルから一五〇メートルぐらいのあいだの高さを保った。"
"齎す","もたらす","to bring, to take, to bring about","僕のようなみじめな勤め人の生活では、それが一条の光と張りとを齎す。"
"思い出","おもいで","memories, recollections, reminiscence","残る下歯六枚については、余り多くの思い出を作りたくないものである。"
"堪らない","たまらない","intolerable, unbearable, unendurable; irresistible, tremendous, out of this world; cannot help (doing), cannot but do, anxious to do","何かの間違いで、ありもしない嫌疑を警察にかけられたのでは堪らない。"
"匿名","とくめい","anonymity, using an assumed name","私もずいぶん匿名の手紙を見てきましたが、こんなのははじめてですね。"
"契る","ちぎる","to pledge, to vow, to promise, to swear; to have sexual intercourse (esp. between husband and wife), to share a bed","あるいは人間ではなく獣の類いと契るのも前の世の業のせいでしょう。"
"屋外","おくがい","outdoors, alfresco","屋外による収録が主であるが、番組末期は室内での収録が行われていた。"
"追手","おいて","pursuer, pursuing party, posse","追手たちは身をひるがえすと、いま来た道をまた勢いよく下って行った。"
"牢屋","ろうや","jail, gaol, jailhouse","牢屋の外は岩の壁に囲まれた空間で、木製の机と椅子が一組置いてある。"
"見抜く","みぬく","to see through, to see into (someone's heart, mind, etc.), to perceive, to find out, to detect","私はこの双方の点においてよく彼の心を見抜いていたつもりなのです。"
"無念","むねん","regret, chagrin, mortification; freedom from obstructive thoughts","ただ、心の底には、まだ何といっても、いくらかの無念さが残っていた。"
"弾丸","だんがん","bullet, shot, shell","もちろん私は伏せをしたので、弾丸は上を飛んでいって何事もなかった。"
"玉","たま","ball, sphere, globe, orb; bead (of sweat, dew, etc.), drop, droplet; ball (in sports); pile (of noodles, etc.); bullet; bulb (i.e. a light bulb); lens (of glasses, etc.); bead (of an abacus); ball (i.e. a testicle); gem, jewel (esp. spherical; sometimes used figuratively), pearl; female entertainer (e.g. a geisha); person (when commenting on their nature), character; item, funds or person used as part of a plot; egg; coin; precious, beautiful, excellent","その鉢巻の下には少し飛び出した眼玉が蝦蟇のように大きく光っていた。"
"引けを取る","ひけをとる","to be outdone by, to compare unfavorably with","-"
"避ける","さける","to avoid (physical contact with); to avoid (situation); to ward off, to avert","今はこれを避けるためには、重ねてその顔を見ないに越したことはない。"
"見す見す","みすみす","before one's own eyes, from under one's very nose, without doing anything, without resistance, helplessly, negligently, knowingly","一行は見す見すこの恐るべき殺人犯人を見遁すより外に仕方がなかった。"
"晒す","さらす","to expose (to the sun, public, danger, etc.); to bleach, to refine; to rinse (vegetables), to soak; to doxx, to dox, to make someone's private information public without permission (esp. online); to sentence someone to public humiliation","誰か一人の失敗のために、他の者まで危険に晒すわけにはいかないんだ。"
"ガシガシ","ガシガシ","boisterously, roughly, briskly","私たちは怒るのも忘れて腰をガシガシいわせながら駅の階段をかけ昇った。"
"継承","けいしょう","inheritance, succession, accession; share-alike","この規定になって以降、現役を引退して部屋を継承したのは2例である。"
"砦","サイ","fort, stronghold, entrenchments","焼き上がったパンは、同じ砦の中にある社員専用の店に運んで行くのだ。"
"安泰","あんたい","peace, security, tranquility, tranquillity","それによって未来が安泰となれば、一時の罪は十分に償われる筈だった。"
"一等地","いっとうち","best (residential) district (in town)","今では都内の一等地に家を建てられるプロ野球選手がいないのは寂しい。"
"過酷","かこく","severe, harsh, hard, cruel, rigorous","科学文明は過酷な自然から人間を守るのに大きな貢献をしてきたのである。"
"手を組む","てをくむ","to join hands together; to join forces, to collaborate","次々と銃を放ると、指示もしてないのに床に伏せて頭の上で手を組んだ。"
"憎悪","ぞうお","hatred, abhorrence, loathing, detestation","スポック一号の顔には憎悪を示すような表情が少しでもあっただろうか?"
"思うに","おもうに","presumably, conceivably, in my opinion, in my view, I think (that), upon thought, upon reflection","思うに五官の認識の方法は一面分析的であると同時にまた総合的である。"
"仕掛ける","しかける","to start, to begin, to commence; to challenge, to pick (a fight), to make (war); to set (traps), to plant (explosives), to lay (mines); to make a meld call","技を仕掛ける側の円弧を描くような動きが技の名称の由来となっている。"
"焚き付ける","たきつける","to kindle, to build a fire; to instigate, to stir up, to incite","このため薪を燃やすときには必ずこれらを保存して焚き付けに用いる。"
"尤も","もっとも","but then, although, though; reasonable, natural, just","尤も電車が通じたのと店が出来たのと、どちらが先だったか覚えません。"
"何れにしろ","いずれにしろ","anyhow, at all events, in any case, either way, anyway","-"
"猶予","ゆうよ","postponement, deferment, extension (of time)","この一晩の猶予のおかげで、きちんと自分で覚悟を決めることが出来た。"
"虐殺","ぎゃくさつ","atrocity, massive killing","私が思うに、それ以上、仲間が虐殺されるのを見ていられなかったのか。"
"溜まる","たまる","to collect, to gather, to save, to accumulate, to pile up","床の血溜まりがまだ濡れていたから、そう長い時間ではないはずだった。"
"境内","けいだい","grounds (esp. of shrines and temples), compound, churchyard, precincts","学校は通っていたが、神社の境内にいた時間の方が多かったのだそうだ。"
"はめ込む","はめこむ","to inlay, to insert, to set; to plug in (to a formula), to immerse; to trick, to deceive","また古くは、木箱の上にガラス板をはめ込んだケースも利用されていた。"
"見立てる","みたてる","to select, to choose; to diagnose (an illness), to judge; to liken to something else, to regard as something else (e.g. to use another person as a mirror); to see someone off; to look after, to be (someone's) guardian; to underrate, to look down on, to underestimate (someone)","襖を一枚取りはずして横にして置き、それを風呂桶に見立てるのである。"
"短髪","たんぱつ","short hair","通っている小学校で女の子と間違われたことに腹を立て、短髪となった。"
"鬱陶しい","うっとうしい","gloomy (e.g. mood), depressing; irritating, troublesome; heavy (weather), cloudy","自分に懐かない娘のことを、今では彼も鬱陶しく感じているようだった。"
"生き残る","いきのこる","to survive","ほかではだれも生き残っていないだろう、というのが一般の意見だった。"
"風雪","ふうせつ","wind and snow, snowstorm, blizzard; hardships","風は霧を追いはらったが、たちまち目も開けていられない風雪となった。"
"思う","おもう","to think, to consider, to believe, to reckon; to think (of doing), to plan (to do); to judge, to assess, to regard; to imagine, to suppose, to dream; to expect, to look forward to; to feel, to be (in a state of mind), to desire, to want; to recall, to remember","血の付いた手は以前の女の手とは違ったもののように私には思えました。"
"業者","ぎょうしゃ","trader, dealer, businessman, vendor, supplier, manufacturer; fellow trader, people in the same trade","元の女房のところに身を寄せているようだと、出入りの業者から聞いた。"
"墜落","ついらく","fall, crash (e.g. aircraft)","その墜落の途中にあるいは音速に達していたのではないかと彼は考えた。"
"能天気","のうてんき","laid-back, carefree, easygoing, thoughtless, happy-go-lucky","それはこれまでどんな能天気な小説家も書いたことのない光景であった。"
"推す","おす","to recommend, to endorse (e.g. a candidate), to nominate; to infer, to conclude, to conjecture, to surmise; to think something through, to ponder deeply","そこの代表の松下ってプロデューサーが私を監督として推してくれていた。"
"登場","とうじょう","entry (on stage), appearance (on screen); entrance, introduction (into a market)","いつか名を変え顔を変えた姿でいいからもう一度登場してほしい女性だ。"
"生い立ち","おいたち","growth, development; one's early life, upbringing, personal history","シリーズ中で唯一特別な能力や生い立ちなどが存在しない主人公である。"
"深掘り","ふかぼり","digging deeply (below the surface); probing deeply (issue, problem), investigating thoroughly","この泉は前から涸れかかっていて、赤い砂を深く掘らないと水が出ない。"
"発展途上国","はってんとじょうこく","developing country","発展途上国での農業生産拡大のための融資を行うことを目的としている。"
"投稿","とうこう","contribution (to a newspaper, magazine, etc.), submission, post (on a forum, blog, etc.)","番組は投稿コーナー・クイズコーナー・中継コーナーなどの企画で構成。"
"馴染む","なじむ","to become familiar with, to fit in, to adapt oneself, to get used to, to grow accustomed to","やはり、人間は幼い頃から馴染んだものに帰っていくものなのだろうか。"
"意気投合","いきとうごう","hit it off with (a person), find a kindred spirit in (a person), sympathy, mutual understanding","二人は、昔から意気投合した仲間のように、最後まで行動をともにした。"
"年功序列","ねんこうじょれつ","seniority by length of service","これらの公位は、当時の継承法に従って、年功序列に従って継承された。"
"回す","まわす","to turn, to rotate, to spin, to twist, to gyrate; to pass around, to send around, to hand around, to circulate; to move (someone or something to where its needed), to send, to bring, to transfer, to forward, to direct, to submit; to turn (to a new use), to use (for something else); to turn on (something that turns or has a rotating part, e.g. a washing machine), to start up (e.g. an engine), to give (something) a spin; to put (someone in a position), to make (e.g. an enemy of); to ... around (e.g. chase, fool, play), to do all over, to do everywhere, to do completely; to surround (something) with, to enclose with; to put (an arm) around (e.g. someone's waist), to reach around; to invest (money), to lend; to dial (a telephone number); to gang-rape","エンジン・キイを回そうとしたところで、僕はひどく気分が悪くなった。"
"ぐっと","ぐっと","suddenly, at once, in one go, with a jerk, with a gulp; considerably, very much, a lot; firmly, with an effort, tightly, exerting pressure; completely (e.g. at a loss); deeply (e.g. moved)","ペリイ・メイスンは三〇二号室のドアに向って頭をぐっと引いてみせた。"
"足元","あしもと","at one's feet, underfoot, one's step (as in ""watch your step""); gait, pace, step; most recent, current; you, thou","と、同時にその金属の腕で足元に転がっていた武器の一つを取り上げた。"
"すたすた","すたすた","(walk) briskly, at a brisk pace, quickly","電車駅までの一里あまりの路を川に添つて二人はすたすた歩いて行つた。"
"語弊","ごへい","faulty statement, misleading statement, misunderstanding caused by a misleading statement","叔父が盗まれたというと少し語弊があるが、当時の人は皆そういっていた。"
"新緑","しんりょく","fresh verdure, new green leaves","子供を保育園に送るために一歩外に出たら、強い新緑の匂いに包まれた。"
"深緑","しんりょく","dark (deep) green","尚、1987年導入車より深緑の帯と窓枠の間には赤い線が入っている。"
"吹き出す","ふきだす","to spout out, to spurt out, to gush out, to jet out; to sprout, to bud; to burst into laughter; to blow (smoke, etc.); to send out shoots (of a tree)","中には、今の我々から見て、吹き出したくなる様な種類のものさへある。"
"新芽","しんめ","sprout, bud, shoot","すなわちそれは誰れもが知っている様にその新芽が特に赤いからである。"
"可愛がる","かわいがる","to love, to cherish, to be affectionate to, to treat tenderly, to dote on; to show favouritism to, to be partial to; to fondle, to caress, to pet; to be tough on, to be rough with, to torment, to train harshly","人形はやはりどこまでも人形として可愛がってやらなければなりません。"
"脚色","きゃくしょく","dramatization (e.g. of a novel), dramatisation, adaptation; dramatization, embellishment, exaggeration, embroidery","大幅に脚色されてはいるが、実際にあった出来事を基に製作されている。"
"互助","ごじょ","mutual aid, cooperation, benefit","ギルドを消滅させてから、改めてもっと平和的な互助組織を作りますよ。"
"西","にし","west","よもやこんな西の方まで逃げてきているとは思わなかったのであろう。"
"体力","たいりょく","stamina, endurance, physical strength, resilience, resistance to disease; strength of an organization (e.g. profitability, productivity, economic clout, stability, growth potential)","それに最近では、同年の男の子との体力の差が目に見えて広がっていた。"
"毛筆","もうひつ","(writing, painting) brush","現在では毛筆に加えて画筆・化粧筆の地域ブランドとして確立している。"
"刷く","はく","to daub, to brush, to touch up","二人の耳に、いまや、はっきりと床を刷く布地の音が届いてきた。"
"無言","むごん","silence (not speaking), muteness","松原大佐夫人が無言で、小さい身体を一行のあとに運んでいるのを見た。"
"無言フォロー","むごんフォロー","following someone (on social media) without writing them a message (to introduce oneself)","-"
"膨らむ","ふくらむ","to expand, to swell (out), to get big, to become inflated","このころ流行した袖の形として二の腕を膨らませたマオワトル袖がある。"
"ぱんぱん","ぱんぱん","kapow, bang, slap, clap; bulging, filled to bursting; prostitute (esp. just after WWII)","いたら、いきなりぱんぱんと笑いだしたんで、気が遠くなったんですよ。"
"不細工","ぶさいく","clumsy (work); plain (e.g. looks), ugly, homely, unattractive","小さな顔が一層小さく見えて、子供が作った不細工な人形のようだった。"
"張り切る","はりきる","to be in high spirits, to be full of vigor (vigour), to be enthusiastic, to be eager, to stretch to breaking point","彼は日本から出張して来た刑事に協力できることを喜び張り切っている。"
"兎も角","ともかく","anyhow, anyway, somehow or other, generally speaking, in any case, be that as it may","今までは兎も角、これは自分の信仰する宗派の話であるから当然だろう。"
"捻出","ねんしゅつ","contriving (to raise funds, to find time, etc.); working out (a solution)","現在の駅舎は地元住民や企業が建設費を捻出して建設されたものである。"
"躓く","つまずく","to stumble, to trip; to fail","高校を出て、すぐミス静岡なんかになったのが躓きのはじめだったのね。"
"齎す","もたらす","to bring, to take, to bring about","僕のようなみじめな勤め人の生活では、それが一条の光と張りとを齎す。"
"心当たり","こころあたり","having in mind, happening to know of, idea","この中に犯人の心当たりがあっても、黙って安全な自分の国に帰ります。"
"しょぼい","しょぼい","shabby, dull; gloomy","自分たちの話を盛り上げるための要素がしょぼかったからじゃないのか?"
"哀れ","あわれ","pity, sorrow, grief, misery, compassion, pathos; pitiable, pitiful, pathetic, miserable; alack, alas","そうでなくてもこの哀れな娘には心配することが山ほどあったのだから。"
"隙間","すきま","crevice, crack, gap, opening, clearance; spare moment, interval, break, pause, spare time; chink (in one's armor, armour), unpreparedness, carelessness","ドアの隙間を躯を横にして通っているような妙に床をこするような音だ。"
"撫で撫で","なでなで","patting, stroking, caressing","この男は打ち寛いだ風で、その猫の背を撫で撫で物を云っている。"
"泣ける","なける","to shed tears, to be moved to tears","これまで自由がなくて泣けなかったすべての涙を、やっと流したわけだ。"
"ＳＦ","エスエフ","science fiction, sci-fi, SF","地球についての情報によると、SFとかいう文学部門があるようですな。"
"面倒い","めんどい","troublesome, bothersome","するすると前に進んでいってしまう自転車を抑えるのが面倒っていうか。"
"アクセント","アクセント","accent (on a syllable, word), stress, pitch accent; intonation, inflection, cadence; (language) accent (e.g. American, British); accent (e.g. in a design), highlight, emphasis; accent (on a note)","少しアクセントに癖があるようだが、それも気にならないていどである。"
"遅い","おそい","slow, time-consuming, sluggish; late (in the day), towards the end (of the day or night), until a time far into the day or night; later (than expected or usual), late, behind schedule, behind time, tardy, overdue, unpunctual; too late, having missed the boat; dull, stupid","というわけでかれらがベッドに入ったのはだいぶ遅くなってからだった。"
"赤点","あかてん","failing mark (e.g. in exam)","数学は中間で平均以下だったから、期末で赤点だと夏中補習なんだって?"
"ずっと","ずっと","continuously in some state (for a long time, distance), throughout, all along, the whole time, all the way; much (better, etc.), by far, far and away; far away, long ago; direct, straight","ずっと昔にわしが前の世にいた時に一人の旅の女を殺した事があったのだ。"
"バイリンガル","バイリンガル","bilingual","地方分権の流れで、以下のバイリンガルな地域では別の名称も使用される。"
"文化の違い","ぶんかのちがい","cultural differences","憑依については、地域や文化の違いにより、捉え方が様々なようである。"
"やり遂げる","やりとげる","to accomplish, to finish, to carry through, to follow through","それをやり遂げることこそが、この五年の留学の成果なのだとも思った。"
"一応","いちおう","more or less, though not quite satisfactorily, after a fashion, pretty much, roughly, so far as it goes; tentatively, for the time being; just in case; once","あれはなるほど、一応は日本の大発展を約束しているかのように見える。"
"見える","みえる","to be seen, to be in sight; to look, to seem, to appear; to come","これでもう、接吻をしない時でも男の顔がはっきり見えると喜びながら。"
"説教","せっきょう","sermon, preaching; remonstration, scolding, lecturing","船長は三人のなかで誰か一人にその日のお説教をして欲しいと頼んで来た。"
"癖に","くせに","and yet, though, when, in spite of","-"
"お萩","おはぎ","rice ball coated with sweetened red beans, soybean flour or sesame","お彼岸にお萩餅を拵えたって、自分の女房を敵のように云う人だもの。"
"さあ","さあ","come, come now, come along, go on, hurry up; well, who knows, I don't know..., uh, hmm; well now, let's see, there we go, all right; about that, you see","で私はさあどうするか分らんといいましたがその夜はそこへ泊ったです。"
"アカウント","アカウント","account","ユーザーは全サイトもしくは特定のアカウントに質問することができる。"
"削除キー","さくじょキー","delete key, DEL key","削除キーとの違いは、削除キーではカーソルの位置の文字が削除されることである。"
"ぶきっちょ","ぶきっちょ","awkward","ぶきっちょで口もきけないのですが、わたしの侵入を喜んでいないようすでした。"
"外見","がいけん","outward appearance","彼は主人の氷のような外見の下に、一つの心を、一つの魂を感じていた。"
"運","うん","fortune, luck","私は人波に押されて運よくその新しく来た車の前の方へ出る事が出来た。"
"強度","きょうど","strength, intensity; strong (e.g. glasses), powerful (e.g. lens), intense (e.g. fear), extreme","彼は前に加恵を試した薬が強度なものであったことを今も後悔していた。"
"渡","ト","transit, ford, ferry, cross, import, deliver, diameter, migrate","一番先に小さい弟が元気よくそれを渡つて、深い船の中に飛んで下りた。"
"渡す","わたす","to ferry across (e.g. a river), to carry across, to traverse; to lay across, to build across; to hand over, to hand in, to pass, to give, to transfer","俺としてもプレゼントを渡すのはやはり二人きりの時の方がいいからな。"
"自ら","みずから","oneself; for one's self, personally","家康これはいかんと云うので、自ら馬を飛して信長に事の次第を語った。"
"丸まる","まるまる","to become rounded, to roll into a ball","その栗色がかった巻き毛が罪の意識でさらに丸まっているわけでもない。"
"丸々","まるまる","plump, rotund, chubby; entirely, completely, wholly","原作での品のないネタは丸々カットするか、違う場面に変更されている。"
"弟","おとうと","younger brother, little brother, kid brother; brother-in-law (spouse's younger brother or younger sister's husband); pupil, apprentice","でも、なぜ弟は以前にも全然抵抗というものをしなかったのでしょうか。"
"夢中","むちゅう","absorbed in, immersed in, crazy about, obsessed with, devoted to; forgetting oneself, daze, trance, ecstasy, delirium; within a dream, while dreaming","それから私は五時過ぎまで、私の仕事に夢中になつて庭の中にゐました。"
"飴","あめ","(hard) candy, toffee; rice-sugar, sugar made from the starch of rice, potatoes, etc.; amber, yellowish-brown","飴のなかのおたさんは泣いたり笑つたりしていろんな向きに顔をみせる。"
"飛び出す","とびだす","to jump out, to rush out, to fly out; to appear (suddenly); to protrude, to project; to butt in","もう僕は早く谷から飛び出したくて飛び出したくて仕方なかったんだよ。"
"元気づく","げんきづく","to get encouraged, to become heightened in spirits, to recover one's strength","女が走ってくるのを認めると、男の顔が急に元気づいたように見えた。"
"任意","にんい","optional, voluntary, arbitrary, random, discretionary, facultative, spontaneous, any; arbitrary","任意の時点の走行可能状態のプロセスは非常に多数になる可能性がある。"
"不特定","ふとくてい","unspecified, random, indefinite","ただし、不特定または多数人の生命・身体・財産であるとする説もある。"
"ぼくぼく","ぼくぼく","(of soil, etc.) soft, dry and crumbly; sound of quiet walking","-"
"ヤリ目","ヤリもく","sexual rather than serious relationship","-"
"にも関わらず","にもかかわらず","in spite of, nevertheless, although, despite, no matter the, regardless of","-"
"眼鏡","めがね","glasses, eyeglasses, spectacles; judgment, judgement, discrimination, discernment, insight","すると、お母さんが眼鏡をかけて大きな本を手にして読んでくれました。"
"きっちり","きっちり","exactly, precisely, punctually, on the dot; closely, tightly, (fitting) perfectly; properly, without fail","ああいうことをしたという事実はきっちりと受け入れようと思っている。"
"とっぷり","とっぷり","completely, fully, entirely","とっぷり日が暮れた時点で、ようやく三人目が終わったところであった。"
"とっくり","とっくり","thoroughly, carefully, deliberately, seriously, fully","容易ならない任務であることをこの夜の戦闘でとっくり味わわされた。"
"みっしり","みっしり","strictly, severely; fully; closely, tightly","大きさもさまざまな木の箱が天井までみっしりと詰まった部屋である。"
"テーマ","テーマ","theme, topic, subject matter, motif, project, slogan","之は何も近代になって初めて特別に重大性を認められたテーマではない。"
"話題","わだい","topic, subject","彼はいつも感情が迫って来ると、こういうふうに話題を変えてしまった。"
"秀才","しゅうさい","bright person, talented student, prodigy","それもかなり裕福な家の出で、大学も卒業した秀才だということだった。"
"やり直し","やりなおし","redoing","惑星などの攻略中に脱出した場合はその攻略を最初からやり直しとなる。"
"暴れる","あばれる","to act violently, to rage, to struggle, to be riotous","かつてのように大声をあげたり、壁を叩いて暴れるようなことはなかった。"
"枠","わく","frame, framework; border, box; limit, restriction, quota","このベッドに乗るにはベッドの枠柱を越えなくてはならないはずだった。"
"月曜","げつよう","Monday","会議のある月曜か火曜には必ず出社することが多かったと記憶している。"
"受ける","うける","to receive, to get; to catch (e.g. a ball); to be struck by (wind, waves, sunlight, etc.); to sustain (damage), to incur (a loss), to suffer (an injury), to feel (influence); to undergo (e.g. surgery), to take (a test), to accept (a challenge); to be given (e.g. life, talent); to find funny, to find humorous, to be amused (by); to follow, to succeed, to be descended from; to face (south, etc.); to be modified by; to obtain (a pawned item, etc.) by paying a fee; to be well-received, to become popular, to go down well","そうすることは自分からわざわざ苦痛を受けようとしていることなのだ。"
"受け入れる","うけいれる","to accept, to receive, to agree","私は自ら判断し決意し、充分に納得して戦争を受け入れるべきであった。"
"気に入る","きにいる","to like, to be pleased with, to be delighted with, to take a liking to, to suit one's fancy","しかしほかにも何か町の人の気に入るようなところがあったに違いない。"
"語学","ごがく","study of language, linguistics; foreign language study","内容については、その発行物から文学・語学の両面から検討されている。"
"手順","てじゅん","process, procedure, sequence, protocol, instruction","読者はこの手順がケプラーのそれと似ていることに気づかれるであろう。"
"順序","じゅんじょ","order, sequence, procedure","総観的のものによって部分的のものを統一して行くのは順序であります。"
"風呂上がり","ふろあがり","just out of the bath","風呂上がりだった夏貴は、身分を示すようなものを何も持っていなかった。"
"寛ぐ","くつろぐ","to relax, to feel at home","先生が墓と墓との間を歩き出すと、寛い上衣の男も肩を並べて歩き出す。"
"カスタム","カスタム","custom, made or built to order; customs (government agency)","あらゆる戦闘状況を考慮に入れて作られたカスタムタイプは話が別である。"
"無名","むめい","nameless, unnamed, anonymous, unsigned; obscure, unknown, not famous; causeless, unjustifiable","しかしこれらすべてを背後から動かしている無名の登場人物だと言える。"
"ロン毛","ロンげ","long hair (usu. of a man)","自分ではロン毛の似合うイケメンだと思ってて、日に日にナル化してんだよ。"
"パーマ","パーマ","permanent wave, perm","夜十時をまわっていたと思う、イモはパーマの道具を持ってやってきた。"
"夢見る","ゆめみる","to dream (of)","そこには彼と同じように俳優や画家などを夢見る若者たちで溢れていた。"
"夢","ゆめ","dream","あまり恐ろしい夢のことなんか、ベッドの上で考え続けていないように。"
"奮闘","ふんとう","hard struggle, strenuous effort","そうすりゃ当日はこの男を牡牛のように大奮闘させてお目にかけますよ。"
"治す","なおす","to cure, to heal; to fix, to correct, to repair; to do over again; to replace, to put back as it was; to convert (into a different state), to transform","ほとんど死んでた状態の俺を、いったいどんな魔法を使って治したんだ?"
"受かる","うかる","to pass (examination)","確かに芸高には受からなかったが、しかしチェロの試験は合格したのだ。"
"ちょい","ちょい","a little, a bit, slightly; just a minute, for a moment, briefly; somewhat, rather, fairly, pretty, quite","ただ、このときゆくての京の町の方から、ちょいと妙な姿があらわれた。"
"フリフリ","フリフリ","frilly; fluttery","フリフリが付いているあたりは普段のファッションと共通しているし。"
"委員会","いいんかい","committee, commission, board, panel, committee meeting","これらの現象に対して委員会のどのような発言が行われるであろうか。"
"水際","みずぎわ","beach, water's edge; coastline, national border, before entering the country","二人は人に諌止られないうちに早く死を急ごうとあわてて水際に立った。"
"拾う","ひろう","to pick up, to find, to gather","夫婦の方では娘の養子にするいい男を拾ってきたつもりなのには弱った。"
"陰キャ","いんキャ","negative personality, asocial type","主に陰キャっぽい男性に対する揶揄として用いられるほか、同じような女性に対する揶揄や、自虐としても用いられる。"
"頼り","たより","reliance, dependence","それを見る秋は人の心の弱さ頼りなさを侮らずには居られないであらう。"
"喘ぎ声","あえぎごえ","heavy breathing","次第に高まっていく喘ぎ声と共に、腰の動きが烈しくなる様を想像した。"
"海の幸","うみのさち","seafood, products of the sea, marine products, fruits of the sea","海の幸に恵まれたヴェネチアの市民は、口が奢っているのかもしれない。"
"土語","どご","native tongue, dialect","しかしこの種族はこの点については土語でいちいち名を知って居る。"
"母語","ぼご","mother tongue, native language; protolanguage, parent language","渡仏以来、母語である中国語ではなくフランス語で作品を執筆している。"
"給食","きゅうしょく","provision of lunch (e.g. at office, school, etc.), providing a meal, lunch service","給食実施当時、給食は全生徒が食堂に集まって食べる方式をとっていた。"
"矢柄","やがら","shaft of an arrow (usu. made of thin bamboo); cornetfish","南側が矢柄の中心地区なので北側は事実上の飛び地の状態である。"
"付近","ふきん","neighbourhood, neighborhood, vicinity, environs; approaching","私はその港を中心にして三日ほどもその付近の温泉で帰る日を延ばした。"
"時刻","じこく","instant, time, moment","私はK君が海へ歩み入ったのはこの時刻の前後ではないかと思うのです。"
"水曜日","すいようび","Wednesday","そしてようやく水曜日の今日になって調子が上がってきたというわけだ。"
"明細","めいさい","details, particulars, specifics; detailed, minute; detailed statement","しばらくの間、ぼくは、品物の明細を調べなおすのに夢中になっていた。"
"合気道","あいきどう","aikido","合気道では技の源となる力等に関して呼吸力という表現がよく用いられる。"
"唐辛子","とうがらし","capsicum (Capsicum annuum, esp. the cultivated chili peppers), chili pepper (chile, chilli), cayenne, red pepper; shichimi pepper","料理に唐辛子が多く使われるようになったのは比較的最近のことである。"
"変哲","へんてつ","something unusual, something odd, something out of the ordinary","今まで走ってきたところとなんら変哲もない、ただの森の中にすぎない。"
"一言","ひとこと","single word, a few words, brief comment","この人はなにしている人かと一言にしていう時に芸術家だといっている。"
"人見知り","ひとみしり","shyness, fear of strangers, stranger anxiety","ちょっと人見知りと言うか暗いと言うか、だから営業向きではなかった。"
"刺さる","ささる","to stick into (of something with a sharp point), to prick, to pierce, to get stuck (in), to lodge (in)","「父がどうかなさいまして」 脇に控えていた女性の声が耳に刺さった。"
"清潔感","せいけつかん","(sense of) cleanliness, (sense of) freshness","この店の若夫婦には一種清潔感のようなものが漂っていて気持がいい。"
"イクラ","イクラ","salted salmon roe (i.e. individual mature eggs)","イクラに加工したものはマス子と呼ばれ外食産業を中心に流通している。"
"漏らす","もらす","to let leak, to reveal; to wet one's pants; to give utterance, to vent, to express; to omit, to leave out","マダムはまた、二人の間の秘密を決して人に漏らすことはないであろう。"
"漏り","もり","leak, leakage (of rain)","雨が漏るのも隣の家の声が聞こえるのも、壁に問題があるからでしょう。"
"通じる","つうじる","to be open (to traffic), to lead to, to communicate (with); to flow (liquid, current), to pass, to get through to; to be understood, to be comprehended; to be honored, to be good; to be well versed in, to be well-informed; to communicate clandestinely, to keep in touch (e.g. with the enemy); to form a liaison, to be intimate; to spread widely, to disseminate","皇帝一族は、宮殿の正面玄関に通じる大きな階段の一番上に立っていた。"
"寒","かん","midwinter, cold season, coldest days of the year","まあよい都合に向うに渡り切りましたがどうもその寒い事一通りでない。"
"通勤","つうきん","commuting to work","またここのマンションに居を構えて京浜方面に通勤する者も少なくない。"
"久","キュウ","long time, old story","鍋久へ行ったのはおとといの夕方だから、その前の晩といえば五日だな。"
"穀潰し","ごくつぶし","good-for-nothing, parasite, deadbeat, loafer, drone, idler","普通なら家族中で「ごくつぶし」とかなじって大変なんでしょうけども。"
"近い","ちかい","near, close, short (distance); close (in time), soon; close (relationship), friendly, intimate; closely related; similar, likeworthy, almost the same","しかし、彼らの位置はそれでも近すぎたということが後に判明したのだ。"
"堪らん","たまらん","intolerable, unbearable, unendurable; irresistible, tremendous, out of this world; cannot help (doing), cannot but do, anxious to do","そんなに早く起きられては若いものが堪らんなんて、よく家の人に言われる。"
"上手い","うまい","skillful, skilful, clever, expert, wise, successful; delicious, appetizing, appetising, tasty; fortunate, splendid, promising","母だとて息子のことを理解し、上手くやりたいと思っているはずなのだ。"
"逆さ","さかさ","inverted, upside down, reversed, back to front","一時間後に匹田は崖の上から逆さになって脚をバタバタさせていました。"
"腫れる","はれる","to swell (from inflammation), to become swollen","肌の薄いところではヒリヒリとした痛みも見られ、腫れる場合がある。"
"開放","かいほう","opening (a door, window, etc.), leaving open; opening up (e.g. to the public), allowing (public) access","自分自身の考えによって家を建て、もっと広い土地を犬たちに開放する。"
"逞しい","たくましい","burly, strong, sturdy; indomitable, indefatigable, strong-willed, resolute, bold; robust (vitality, appetite, economic growth, etc.), strong","少し離れた位置に逞しい男性がひとりいましたけど、関係なさそうです。"
"親日","しんにち","pro-Japanese","これらのレポートが国際的な親日世論を形成する役割を果たすのである。"
"大歓迎","だいかんげい","warm welcome","こんな大歓迎を受けるとは思わなかったので、少しびっくりしています。"
"磨く","みがく","to polish, to shine, to brush (e.g. teeth), to grind (e.g. lens); to refine (e.g. a skill), to improve, to cultivate","そして僕だってもし必要なら、あの人の靴を磨いて上げてもいいんです。"
"出ず","いず","to leave, to exit, to go out, to come out, to get out; to leave (on a journey), to depart, to start out, to set out; to move forward; to come to, to get to, to lead to, to reach; to appear, to come out, to emerge, to surface, to come forth, to turn up, to be found, to be detected, to be discovered, to be exposed, to show, to be exhibited, to be on display; to appear (in print), to be published, to be announced, to be issued, to be listed, to come out; to attend, to participate, to take part, to enter (an event), to play in, to perform; to be stated, to be expressed, to come up, to be brought up, to be raised; to sell; to exceed, to go over; to stick out, to protrude; to break out, to occur, to start, to originate; to be produced; to come from, to be derived from; to be given, to get, to receive, to be offered, to be provided, to be presented, to be submitted, to be handed in, to be turned in, to be paid; to answer (phone, door, etc.), to get; to assume (an attitude), to act, to behave; to pick up (speed, etc.), to gain; to flow (e.g. tears), to run, to bleed; to graduate","-"
"珈琲","コーヒー","coffee","こんどの事件が起る前は、お前はここで毎日のように珈琲を飲んだ筈だ。"
"企業","きぎょう","enterprise, business, company, corporation","企業の人も出版関係の人もここへきて、借りたい作品を選んでゆきます。"
"益々","ますます","increasingly, more and more, decreasingly (when declining), less and less","雪は益々ひどくなり、真暗なこの田舎の街には人は一人も通っていない。"
"所狭い","ところせまい","crowded, packed, crammed, cramped, filled, overflowing","荒波のテーブルには自棄になったように所狭しと料理が並べられていた。"
"典型的","てんけいてき","typical, representative, archetypal, quintessential, stereotypical, model","この過程は両者が宗教的実存であるとき、典型的にみられるのであろう。"
"顔立ち","かおだち","looks, features","ドアの把手を握っていたのは背の高い髪の黒い派手な顔立ちの女だった。"
"嫁ぐ","とつぐ","to marry (of a woman), to become a bride, to marry into (a family); to have sexual intercourse","この家へ嫁いで来てから、病気で寝たのはこれで二度目だと姉が言った。"
"良妻賢母","りょうさいけんぼ","good wife and wise mother","きっと、大きくなっておそらく結婚している子供たちもある良妻賢母だよ。"
"肩書き","かたがき","title (e.g. Doctor, Professor, Lord), job title, position (in a company), degree, status, rank","だが、こっちのコピーライターに作家のような肩書きがあれば話は別だ。"
"外野","がいや","outfield; outfielder; outfield bleachers; third party, outsider, onlooker, bystander","内外野を行ったり来たりしていたせいで、実にもうヘトヘトなのである。"
"目当て","めあて","mark, guide, landmark; purpose, aim, goal, intention, end; sight (on a firearm)","まさかわれわれの隊を目当てにしての襲撃とはどうしても思えなかった。"
"搦み","がらみ","about, concerning, related to, -ish","左岸の崖頭を横に搦みて一時間の後之を通過し、三時三十分、再び雪渓。"
"景気","けいき","business conditions, the market, economic activity, economic climate; good (economic) times, prosperity, boom; liveliness, energy, vigour, vigor, spirit","景気の可い様な事を書いてやつて安心さしたのに、と思つて四辺を見た。"
"口説く","くどく","to persuade, to coax, to solicit; to seduce, to make advances, to make a play, to make a pass, to put the moves on, to come on to, to hit on, to court, to woo, to romance","おれがいないのをいいことに、おれの女を口説いてたらしいじゃないか。"
"耳目","じもく","eyes and ears, seeing and hearing; one's attention, one's interest","だが彼が捜査線上に浮かんだという報道は、館盛の耳目に触れていない。"
"惣菜","そうざい","side dish, daily (household) dish","でも誤解のないよう説明すると、ホントは惣菜を追加しようとしたんだ。"
"他言","たげん","telling others, revealing to others, letting out a secret","それから、ここで起きたこと、見たこと聞いたことは絶対に他言無用だ。"
"接点","せってん","tangent point, point of contact; contact (electrical, etc.); point of agreement, common ground, interaction","全く接点がないように見えるんだが、何処かでつながっている筈なんだ。"
"効率","こうりつ","efficiency","実際に簡単な作業だったため、それがもっとも効率がいいのだとは思う。"
"ぺこん","ぺこん","sound of thin metal or plastic surface caving in and springing back; action of quickly bowing or lowering one's head, (with a) bob of the head","粥の量には制限がなかったが、水っ腹は一刻もするとぺこんと引込んだ。"
"勝負","しょうぶ","victory or defeat; match, contest, game, bout","ただその組織や方法が多少複雑であり、勝負があったりする違いはある。"
"ですです","ですです","that's right, that's so","-"
"古典","こてん","classic (work, esp. book), the classics","わたしは幼いころから古典や古代の美術品などの間で育ったのですもの。"
"童貞","どうてい","virginity (of a male), virgin; (Catholic) nun, sister","でも、深い理由はないけど僕が童貞を失ったのは大学を出たあとだった。"
"噛む","かむ","to bite; to chew, to gnaw, to masticate; to fumble one's words (esp. during a play, broadcast, etc.), to falter with one's words, to stutter, to stammer; to crash against (e.g. of waves), to break onto (shore); to engage (of cogs, zippers, etc.), to mesh, to fit together; to be involved in; to convince, to persuade","さうして瘠せて行く土を更に骨まで噛むやうなことをして居るのである。"
"沈黙","ちんもく","silence, being silent, quiet, hush; reticence, inaction","で一体なぜ新聞はこの事件、この重大な社会事件に就いて沈黙するのか。"
"賑やか","にぎやか","bustling, busy, lively","一人の若い女性の存在は暗い殺風景な土間を明るく賑やかに感じさせた。"
"濃厚","のうこう","rich (in flavor, color, smell, etc.), thick, dense, strong; very likely, highly possible; passionate, hot","後者の可能性のほうがより濃厚で、そして理解しやすい気さえしていた。"
"絡み","からみ","linkage, entanglement, involvement, relationship, interaction","この日以来彼女は家族絡みの会見以外はすべて一人で行うようになった。"
"ばりばり","ばりばり","tearing, ripping, scratching; crunching, munching; stiff, starchy, crisp; (working) hard, actively, vigorously, energetically; making loud noises in succession (firing bullets, vehicle revving up, etc.); crackling (electricity)","僕は大学が終ったら、もっと広い場所へ出て好きな事をばりばりやりますよ。"
"にせよ","にせよ","granted that, even if, even though","そしてどの女にせよ、彼と結ばれて幸福だった女は一人もないのだった。"
"アサインメント","アサインメント","assignment","他のスタッフはそれぞれにアサインメントを持ち、博士の指揮を仰いだ。"
"済ませる","すませる","to finish, to make an end of, to get through with, to let end","しかしその整理を済ませてしまうと我々はすることがなくなってしまった。"
"季節","きせつ","season, time of year","この争いは毎年毎年その季節になると、毎日のように誰かがやっている。"
"大晦日","おおみそか","New Year's Eve, December 31st","それで一九九二年の大晦日から正月二日まで出雲に滞在することにした。"
"認める","みとめる","to recognize, to recognise, to observe, to notice; to deem, to judge, to assess; to approve, to deem acceptable, to allow; to admit, to accept, to confess (to a charge); to watch steadily, to observe carefully; to renown, to give renown to, to appreciate, to acknowledge","僕はただこの男の変った行為には一定の方式のあることを認めるだけさ。"
"ぎゅう","ぎゅう","squeezing something tightly, sound made by someone (or something) being squeezed; criticizing someone severely, sound made by someone being criticized; hug","文体の特徴として「ぎゅう」を多用する独自のスタイルが定着している。"
"甘える","あまえる","to behave like a spoiled child, to fawn on; to take advantage of, to presume upon (e.g. another's benevolence), to depend on","今考えると、どうしてトイレに行きたいのが男に甘える材料になるのだ。"
"登校","とうこう","attendance (at school), going to school","登校してきて教室がこんな状態になっていたら普通は誰でも驚くだろう。"
"一途","いちず","wholehearted, earnest, determined, intent, single-minded, straightforward, devoted to, doing nothing but","義務感と愛情から一途に死を賭して彼のもとに帰って来たのではないか!"
"嘘","うそ","lie, fib, falsehood, untruth; mistake, error; unwise move, bad decision; no way!, unbelievable!, really?!","私は何も例の妹娘が故意に嘘の手記を書いたとか何とかいうのではない。"
"師匠","ししょう","master, teacher; coach who owns his stable","それでわれわれはこれらの動物を師匠にする必要が起こって来るのである。"
"視界","しかい","field of vision, visibility, view, visual field, (one's) ken","まもなく、彼らの凝視の的になっているものが私の視界にはいってきた。"
"気の毒","きのどく","pitiful, unfortunate, poor, miserable, wretched; unpardonable, regrettable","その大切な奴を殺しちゃったんだから、お気の毒だが、もう分らねえよ。"
"険しい","けわしい","precipitous, rugged, inaccessible, impregnable, steep; grim, severe, stern","険しき崖の中ほどにありて、人などはとても行きうべきところにあらず。"
"奨励","しょうれい","encouragement, promotion, inducement, incitement, stimulation","これらは、人口の急速な増加に対し最も効果的な奨励をなす要素である。"
"至らない","いたらない","imperfect, incompetent, inadequate, careless","その度に話は行きつ戻りつして肝心の部分にはどうしても至らなかった。"
"居たたまれない","いたたまれない","unable to stay (on), unable to endure being somewhere a second longer, feel like running away","-"
"のめり込む","のめりこむ","to be completely absorbed in, to fall for (something)","まさかこの年齢で我を忘れて女性にのめり込むなんて、考えもしなかった。"
"到達","とうたつ","reaching, attaining, arrival","わたしたち二人のうち、どちらかがそこへ到達しなければならないのだ。"
"どうやら","どうやら","it seems like, it appears that; somehow or other","彼だけがこの席をはずしているわけも、どうやらわかるような気がした。"
"掘り込む","ほりこむ","to carve into, to cut into, to dig into","草庵と云ふのは山の半腹を横に掘り込んだ洞窟である。"
"込","-こ.む","crowded, mixture, in bulk, included, (kokuji)","けど、大きいだけであまり力が込もっていないのが、あたしにはわかった。"
"ど真ん中","どまんなか","right in the center (centre)","地図を見ればわかるが、あっしらがいたところは反乱のど真ん中なんだ。"
"真","シン","true, reality, Buddhist sect","個人としての生の真の拡充のために、人類として生の真の拡充のために。"
"飛び込む","とびこむ","to jump in, to leap in, to plunge into, to dive; to burst in, to barge in","私はあの中へ飛び込んだ細田氏が出て来ないのが不思議に思われました。"
"呆然","ぼうぜん","dumbfounded, overcome with surprise, in blank amazement, in a daze","最初、私は自分がどこにいるのかもわからぬくらい呆然としていました。"
"ポツリ","ポツリ","isolated, standing alone; falling in drops (e.g. rain); saying a single word, muttering just a few words","今お目にかけたいものがあって例の如くポツリポツリと書いて居ります。"
"オブラートに包む","オブラートにつつむ","to say in a round-about way (not to upset), to cushion the blow, to wrap in wafer paper","大学にもいい友達はいたけどやっぱりオブラートに包まれてた。"
"黒星","くろぼし","black spot, black dot, bull's-eye; failure mark","勝ちを白星、負けを黒星と呼ぶことから生まれた表現であると思われる。"
"ドッキリ","ドッキリ","feeling startled, getting a shock; prank, practical joke","著書やDVDなどを発売した芸人に対して行われるドッキリに近い企画。"
"馴染む","なじむ","to become familiar with, to fit in, to adapt oneself, to get used to, to grow accustomed to","やはり、人間は幼い頃から馴染んだものに帰っていくものなのだろうか。"
"活発","かっぱつ","lively, active, vigorous, animated, brisk","食堂においても以前のように活発な議論もでないし笑いも起きなかった。"
"関わる","かかわる","to be affected, to be influenced; to be concerned with, to have to do with; to stick to (opinions)","けれども彼女はそれを夫の名前に関わると思うような性質ではなかった。"
"拘る","こだわる","to fuss over, to be particular about; to be obsessive about, to be fixated on; to obstruct, to hinder","だがそれにも拘らず、友人というものには私は絶大の興味を持っている。"
"ぶらんぶらん","ぶらんぶらん","dangling","部屋に入ってくる時も、長い両手をゴリラのようにぶらんぶらんさせている。"
"形相","ぎょうそう","look (esp. an angry or upset look), expression","あのとき私自身も多分、いつもとは顔の形相が変っていたかもしれない。"
"しがみ付く","しがみつく","to cling","-"
"鬱陶しい","うっとうしい","gloomy (e.g. mood), depressing; irritating, troublesome; heavy (weather), cloudy","自分に懐かない娘のことを、今では彼も鬱陶しく感じているようだった。"
"くちゃくちゃ","くちゃくちゃ","crunching, crumpling, messy","とげというか、針というか、あのくちゃくちゃと突き出た奴がないのだ。"
"曖昧","あいまい","vague, ambiguous, unclear; fuzzy","まつたくもつて新聞といふものは、その報道の理論的基礎が曖昧である。"
"慰める","なぐさめる","to comfort, to console, to amuse","それから今度は有本が何かもにやもにや云っておれを慰めるやうにした。"
"休憩","きゅうけい","rest, break, recess, intermission","やがて修理が半ばまで終わったとき彼は手をとめて椅子で休憩をとった。"
"当たる","あたる","to be hit, to strike; to touch, to be in contact, to be affixed; to be equivalent to, to be applicable, to apply to; to be right on the money (of a prediction, criticism, etc.); to be selected (in a lottery, etc.), to win; to be successful, to go well, to be a hit; to face, to confront; to lie (in the direction of); to undertake, to be assigned; to be stricken (by food poisoning, heat, etc.), to be afflicted; to be called on (e.g. by a teacher); to treat (esp. harshly), to lash out at; to be unnecessary; to be hitting well, to be on a hitting streak; to feel a bite (in fishing); (of fruit, etc.) to be bruised, to spoil; to feel (something) out, to probe into, to check (i.e. by comparison); to shave; to be a relative of a person, to be a ... in relation to ..., to stand in a relationship","そのことを調査するに当たっての詳細を、ここで述べる必要はあるまい。"
"落伍者","らくごしゃ","dropout, straggler, outcast, failure","俺は糠であった、これまでの落伍者と同じように糠にすぎなかったのだ!"
"飢える","うえる","to starve, to be famished, to be hungry; to be starved of (e.g. love), to be thirsty for (e.g. knowledge), to be hungry for","その肉体は不老不死に近く、鬼を食べなくても飢えるだけで死にはしない。"
"惨め","みじめ","miserable, wretched, unhappy, sad, pitiable","そんなことをしたらかえって自分が惨めになることはよく承知していた。"
"凍える","こごえる","to freeze (of one's body), to be frozen, to become numb (with cold), to be chilled","この白い地上で凍えるおれの気持ちなど、やつらには絶対にわかるまい。"
"ぐちぐち","ぐちぐち","mumbling, muttering; complaining (continuously) about something","やはり人間、誰かのせいにしてグチグチ言っている方が楽だからなのである。"
"グダグダ","グダグダ","exhausted, tired; withered, worn out; boiling until shapeless or mushy; tediously, repetitively, wordily","お父さんがグダグダしてるのはお金のせいだってことになってね。"
"取り込み中","とりこみちゅう","in the middle of something, busy with something; in commotion as a result of something untoward happening; currently importing or capturing data","わざわざ足を運んでもらって悪いんだが、見ての通り取り込み中だ。"
"やっさもっさ","やっさもっさ","hurly-burly, helter-skelter, hustle and bustle, turmoil","といって、決して男たちのやっさもっさを冷眼視しているわけではない。"
"大都会","だいとかい","metropolis, big city","爺やは若い時代に一度だけ湖畔の大都会に出たことがあるだけだという。"
"ひんやり","ひんやり","cool, chilly, feeling nice and cold","六畳の部屋には、外の空気とは別の、ひんやりとした感じが籠っていた。"
"絶好調","ぜっこうちょう","in perfect form, going swimmingly","絶好調と思えること自体が、安易に自分に酩酊している証拠なのである。"
"きつい","きつい","tough, hard, severe, demanding, harsh; determined, strong-minded, forceful, formidable, fierce; strong (e.g. sunlight, alcohol), severe, intense; (too) tight, constricting, close; extreme, unusually strong","-"
"切ない","せつない","painful, heartrending, trying; oppressive, suffocating, miserable","曲の内容は、自分を捨てた恋人に電話するとても切ない物となっている。"
"拗らせる","こじらせる","to aggravate, to complicate, to make worse","-"
"欲張り","よくばり","greed, avarice, covetousness, greedy person","私たちは何ひとつ望んでもいないし、何ひとつ欲張りを言ってもいない。"
"弦","つる","bowstring; string (of shamisen, guitar, violin, etc.); bail (arched pot handle); diagonal levelling wire across the top of a masu","相手はこんな言いわけをして置いて、弦を離れた矢のように駆け出した。"
"祝日","しゅくじつ","national holiday, public holiday","それで半年先のその祝日を都市の外観だけでも完成させる目標日とした。"
"春節","しゅんせつ","Lunar New Year, Chinese New Year, Spring Festival","春節は正月初一を示す言葉であり、古代においては元旦と称されていた。"
"知恵","ちえ","wisdom, wit, sagacity, sense, intelligence; prajna (insight leading to enlightenment)","この一件で少しばかり知恵を借りたいことがあるので来てもらったのです。"
"孤立","こりつ","isolation, being alone, being friendless","それはほぼ完全な円形をなしていて、ほかからはまったく孤立していた。"
"適当","てきとう","suitable, proper, appropriate, adequate, fit, fair; perfunctory, half-minded, sloppy, lazy, careless, noncommittal, unreliable, irresponsible","彼の頭が彼に適当な解決を与えるまで彼は逡巡しなければならなかった。"
"個","こ","counter for articles; counter for military units; individual","たとえば子といえども独立した一個の人間である以上は神に属している。"
"機嫌を取る","きげんをとる","to curry favour, to butter up, to fawn over, to humour someone (humor), to put in a good mood (e.g. a baby)","何か先輩の気に入るようなものをさし入れて御機嫌を取らねばなるまい。"
"勝つ","かつ","to win, to gain victory","もしそうだとすれば、これはたしかに彼のほうが勝ったことになるのだ。"
"ビビる","ビビる","to feel nervous, to feel afraid, to feel self-conscious, to lose one's nerve, to get cold feet, to get the jitters; to be startled, to be surprised, to be shocked, to feel frightened, to be spooked; to be shy, to be bashful","しかし当のビビはまるで初めて会ったような反応をパックに見せていた。"
"うとうと","うとうと","falling into a doze, dozing off, nodding off","うとうとと眼を閉じたまま妻の痛みはいくらか落着いてくるようだった。"
"ぶらぶら","ぶらぶら","dangling heavily, swaying to and fro, swinging; strolling, rambling, roaming, wandering; idly, lazily, leisurely, aimlessly; persisting (of an illness)","だがようやく食事が終わると、ぶらぶらと作業室のほうに下りていった。"
"で御座る","でござる","be, is","私はあの時寝台の中の女を悪魔だと思い込んで殺したので御座いました。"
"治る","なおる","to be cured, to get well, to be healed; to get mended, to be repaired, to be fixed","治ることを期待されないまま、死に至る肉体だけが維持されてしまった。"
"で候","でそう","to be","-"
"深々","ふかぶか","very deeply","帽子を深々と顔まで下げていたが、鼻と頬にはほとんど感覚はなかった。"
"甘やかす","あまやかす","to pamper, to spoil","私たちが二人を甘やかして育ててきたツケが回ってきたのかも知れない。"
"履き違える","はきちがえる","to put on (another's shoes by mistake), to put (shoes) on the wrong feet; to mistake (one thing for another), to confuse, to have a mistaken idea of, to misunderstand","要するにこの鈍感な少年は、事態を全く履き違えていたりするのだった。"
"突っ込み","つっこみ","penetration, digging into something; (in comedy) straight man, retort, quip; sex, intercourse","そして知らなければ幸せでいられたのに、突っ込みを入れてしまった俺。"
"惚け","ぼけ","idiot, fool, touched in the head (from), out of it (from), space case; funny man (of a comedy duo), (in comedy) silly or stupid line; Alzheimer's (impol)","けど、一瞬惚けた顔をしたあと、大事なことを思い出したように言った。"
"か弱い","かよわい","frail, feeble","目の前にいるのがあの時のか弱げな少年の気がして、胸が高鳴りかける。"
"散らかる","ちらかる","to be in disorder, to lie scattered around","何か作業をしていたにしては、机の上はそれほど散らかっていなかった。"
"警備","けいび","defense, defence, guard, policing, security","通じなかったということはないはずだが、警備兵はなにも答えなかった。"
"含意","がんい","implication, connotation; (logical) implication, material conditional, material consequence","また、独立した命題でなくとも前提が含意され省略されているものもある。"
"序列","じょれつ","rank, ranking order, hierarchy","州教会は上から下まで運営の序列において、以下のように構成されている。"
"叱る","しかる","to scold, to chide, to rebuke, to reprimand","これは恋する男がだれからも叱言をいわれずに受けられる最大の喜びだ。"
"浅い","あさい","shallow, superficial; slight (wound), light (sleep), pale (colour), inadequate (knowledge); short (time), early, young","業の最も浅い人と深い人とはまるで相違したこの世の渡りようをします。"
"たらたら","たらたら","drop-by-drop, dripping, dribbling, in a trickle; incessantly (esp. speaking, e.g. complaints, compliments), in great profusion","たらたら血を流していたが、困ったような様子はすこしも見せなかった。"
"語彙力","ごいりょく","(the extent of) one's vocabulary","情けないことに、俺はまだまだ語彙力に磨きをかける必要があるようだ。"
"韻","イン","rhyme, elegance, tone","たとえばある韻に字がひとつしかない場合は反切を作ることができない。"
"跳ね除ける","はねのける","to push aside, to brush or thrust aside, to remove, to get rid of","場合によってはインディアマンはフランスの攻撃を跳ね除けることすらあった。"
"雅致","がち","artistry, good taste, elegance, grace","文章の婉麗にして雅致に富んだものである点は、すでに指摘しておいた。"
"然程","さほど","(not) so, (not) particularly, (not) very, (not) that much","それが何に起因するものかを悟るまでに、然程の時間はかからなかった。"
"サーロインステーキ","サーロインステーキ","sirloin steak","サーロインステーキは四百グラムはあるやつだった。"
"ちょっくら","ちょっくら","a little, for a moment, a short while, just a minute","こういった種類の誤ちは、ちょっくらちょっと赦せないものですからね。"
"真っ赤","まっか","bright red, deep red, flushed (of face); downright (e.g. lie), complete, utter","その時大きな音を立てて真っ赤に燃えた太い薪が竈の口から飛び出した。"
"他殺","たさつ","murder","他殺の疑いがあるとかで、警察が動きそうな気配があるとか聞きました。"
"射殺","しゃさつ","shooting to death","だが現実にやったことは何の罪もない普通 の人間二人の射殺だった。"
"潔癖","けっぺき","fastidiousness, love of cleanliness","一方で、科学的という概念を無駄に潔癖な方法と誤解している者もいる。"
"夜行性","やこうせい","nocturnality, nocturnal habits","これら夜行性の生物は島の洞窟から蝙蝠のごとく飛んできたようだった。"
"好く","すく","to like, to love, to be fond of","私は自分というものから脱れるためにはどうしたら好いかと考えてみた。"
"直球","ちょっきゅう","straight ball (pitch); direct (e.g. question), blunt","それはただ単に直球を待っていたからだという、それだけの理由である。"
"礼儀","れいぎ","manners, courtesy, etiquette","思想も感情も客間の礼儀内でしか運用できない人のやうな思ひすらした。"
"建て前","たてまえ","face, official stance, public position or attitude (as opposed to private thoughts); ceremony for the erection of the framework of a house; tea ceremony procedures, tea ceremony etiquette","帰還する軍医はこの義務を施行するのに召集されるのが建て前である。"
"遡る","さかのぼる","to go upstream; to go back (in time, to origin), to date back to, to trace back to, to make retroactive","たぶんもっとずっと古くまで遡らなければいけなかったのかもしれない。"
"一つ","ひとつ","one; for one thing; only; (not) even; just (e.g. ""just try it"")","一つの声は二つの道を踏み破ってさらに他の知らざる道に入れと言った。"
"多様性","たようせい","diversity, variety","それは文化の多様性で、実はいい方向にいくこともあるじゃないですか。"
"呼び捨て","よびすて","addressing (someone) without using a suffix such as ""-san"" or ""-chan"" (considered impolite)","日本では単に呼び捨てにすることが軽蔑の目的になるという特徴もある。"
"可愛がる","かわいがる","to love, to cherish, to be affectionate to, to treat tenderly, to dote on; to show favouritism to, to be partial to; to fondle, to caress, to pet; to be tough on, to be rough with, to torment, to train harshly","人形はやはりどこまでも人形として可愛がってやらなければなりません。"
"既定","きてい","established, fixed, prearranged, predetermined","僕の老父はあと一年半とは生きのびないというのは既定の事実なんです。"
"少子化","しょうしか","declining birth rates, decrease in the number of children","学園は少子化により生徒が減少し、系列男子校との合併も噂されていた。"
"比率","ひりつ","ratio, proportion, percentage","この期間における出生の死亡に対する平均比率は一五七対一〇〇である。"
"抗議","こうぎ","protest, objection","声を出して読んだことに対する抗議だらうと思ふが、これはどうですか。"
"競争","きょうそう","competition, contest, rivalry, race; competition (between organisms or species)","われわれの市などは競争労働を生活の手段とする都市の窮極の姿に近い。"
"争う","あらそう","to compete, to contest, to contend; to quarrel, to argue, to dispute, to be at variance, to oppose; to deny (e.g. evidence)","もっともこれらの裁判では私人間効力であるか否かは争われてはいない。"
"ぽかぽか","ぽかぽか","pleasantly warm, nice and warm; repeatedly (hitting someone), again and again, over and over","彼は脚から腰のあたりがややぽかぽかしてくると、新しく煙草へ火をつけた。"
"分野","ぶんや","field, sphere, realm, division, branch","この分野では、集中化されていない専門家が最低でもあと一人必要です。"
"嫌らしい","いやらしい","unpleasant, disagreeable, nasty; lewd, lascivious, obscene, filthy, dirty","嫌らしい程に強い『大人』になるものだと、勝手にそう思っていたのだ。"
"流す","ながす","to drain, to pour, to spill, to shed (blood, tears); to wash away; to distribute (e.g. electricity over wires, music over a PA system, etc.), to circulate, to broadcast, to beam; to cruise (e.g. taxi); to float, to set adrift; to call off (a meeting, etc.); to exile, to banish","これは俺の予想だけど、きっとこれまで石が流させてきた血の色・・・。"
"ベートーヴェン","ベートーヴェン","Beethoven","これはベートーヴェンとしては第九番以外ではいちばん大きい編成です。"
"ホルモン","ホルモン","hormone; cows' or pigs' offal (entrails)","その核の中にホルモンが入っていって、そこにある本を開いて活用する。"
"好奇心","こうきしん","curiosity, inquisitiveness","まだ見なかった父の一面を見るという好奇心も動かないではなかった。"
"入れる","いれる","to put in, to let in, to take in, to bring in, to insert, to install (e.g. software), to set (a jewel, etc.), to ink in (e.g. tattoo); to admit, to accept, to employ, to hire; to accept, to comply, to grant, to adopt (a policy, etc.), to take (advice, etc.), to listen to, to pay attention to; to include; to pay (one's rent, etc.); to cast (a vote); to make (tea, coffee, etc.); to turn on (a switch, etc.); to send (a fax), to call","母親お鳥が今まで一度も僕をこんなところに入れると云ったことがない。"
"自発的","じはつてき","spontaneous, voluntary","ストーリーは短く、自発的に行動しない限り戦闘の機会は極めて少ない。"
"無意識","むいしき","unconsciousness; unconscious, involuntary, automatic, mechanical, unintentional, spontaneous; the unconscious (psychoanalysis)","意識してやったような気もするし、無意識の行動だったような気もする。"
"手当たり次第","てあたりしだい","using anything one can lay one's hands on, haphazardly, on the rebound, at random, indiscriminately","今は、目の前にいる人間は、手当たり次第、殴ってやりたい気分だった。"
"嵌まる","はまる","to fit, to get into, to go into, to be fitted with (e.g. door with a window); to be fit for (a job, etc.), to be suited for, to satisfy (conditions); to fall into, to plunge into, to get stuck, to get caught; to be deceived, to be taken in, to fall into a trap; to be addicted to, to be deep into, to be crazy about, to be stuck on","尤も実際の場合の一つ一つが皆この方式にあて嵌まるというのではないが。"
"迎えに行く","むかえにいく","to go to meet somebody","-"
"相当","そうとう","corresponding to (in meaning, function, etc.), being equivalent to; appropriate, suitable, befitting, proportionate; to be proportionate to, to be in keeping with, to be deserving of, to be worthy of; considerable, substantial; considerably, rather, quite, fairly, pretty","その時には、第二の音は第一の音とはすでに相当音の性質が変っている。"
"睫毛","まつげ","eyelashes","長い睫毛が音を立てるような感じでまばたくのが見えるような気がした。"
"癖毛","くせげ","kinky hair, frizzy hair, unruly hair, curly hair","顔はほとんど隠れているが、爆発したような癖毛は、見誤りようもない。"
"揺りかご","ゆりかご","cradle","人生に疲れ切った彼女は、それを揺りかごにして、ただ眠りを待っている。"
"膝枕","ひざまくら","laying one's head in someone's lap","それに彼女だって一時間も膝まくらをしていたら疲れてしまうだろうし。"
"ふんわり","ふんわり","gently, airily, fluffily","いつもよりもどこか大人っぽさを感じさせるメイクとふんわりとした髪。"
"打倒","だとう","knockdown (e.g. in boxing), overthrow, defeat","ジョゼフ王を打倒したあと、そいつを味方にするつもりだったんでしょ。"
"無我夢中","むがむちゅう","being absorbed in, losing oneself in","むしろ、最初の子の時は無我夢中だったというのが当たっているだろう。"
"当てられる","あてられる","to be affected by (e.g. heat), to suffer from; to be embarrassed, to be annoyed","顔に当てられた手のため表情は見えずただ彼の呟きだけが聞こえてきた。"
"木霊","こだま","echo, reverberation; spirit of a tree, tree spirit","その黒い木をこの若い木霊は見たことも聞いたこともありませんでした。"
"鱧","はも","daggertooth pike conger (Muraenesox cinereus); (in Northern Japan) conger eel, garden eel","私ね、そもそも関東の人間だったから、鱧を食べたのは京都が最初よ。"
"生理痛","せいりつう","menstrual pain, period pain","いつもの生理痛ならば、痛いといってもこらえられる程度のものである。"
"鎮痛剤","ちんつうざい","analgesic, painkiller, sedative, tranquilizer, tranquiliser","鎮痛剤の効果があり、ラットの性行動を増加させることが示されている。"
"欲しい","ほしい","wanted, wished for, in need of, desired; I want (you) to","われわれの次の時代の科学はもっとその本来の姿のものであって欲しい。"
"天上天下","てんじょうてんげ","the whole world, throughout heaven and earth","私の此話は、日本の古代の暦法、天上天下の関係を説かねばならなくなつた。"
"応える","こたえる","to respond, to answer, to meet (e.g. demands, expectations); to affect, to take a toll, to strike home, to have an effect on, to be hard on someone (e.g. heat, cold, work, illness, etc.), to be a strain","そうであるのなら、それに応えるのが歯科医師の役割ではないだろうか。"
"上げる","あげる","to raise, to elevate; to do up (one's hair); to fly (a kite, etc.), to launch (fireworks, etc.), to surface (a submarine, etc.); to land (a boat); to deep-fry; to show someone (into a room); to summon (for geishas, etc.); to send someone (away); to enrol (one's child in school), to enroll; to increase (price, quality, status, etc.), to develop (talent, skill), to improve; to make (a loud sound), to raise (one's voice); to earn (something desirable); to praise; to give (an example, etc.), to cite; to summon up (all of one's energy, etc.); to arrest; to nominate; to give; to offer up (incense, a prayer, etc.) to the gods (or Buddha, etc.); to bear (a child); to conduct (a ceremony, esp. a wedding); (of the tide) to come in; to vomit; to do for (the sake of someone else); to complete ...; to humbly do ...","三十銭ぐらいなら上げるから持って御帰りなさいと云うんだそうである。"
"贈る","おくる","to give (as a gift), to present; to confer, to bestow, to award","それは彼が何年か前に別れたFといふアメリカ娘に贈られたものである。"
"与える","あたえる","to give (esp. to someone of lower status), to bestow, to grant, to confer, to present, to award; to provide, to afford, to offer, to supply; to assign; to cause; to pass (a variable to a function)","これについては科学の場合のように簡単な定義を与える事は困難である。"
"ピンと来る","ピンとくる","to get (a joke or explanation), to strike home, to click, to know intuitively","と、この話を聞いた時に、私は之は何か訳があるなと、ピンと来ました。"
"摘む","つまむ","to pinch, to hold (between one's fingers), to pick up (with chopsticks, tweezers, etc.); to pick up and eat, to snack on; to pick out (the main point), to summarize, to sum up; to bewitch, to possess, to fascinate","こういう果物を摘んだり家に持って帰ったりするのはひと仕事であった。"
"興業","こうぎょう","industrial enterprise","N興業のことを調べてみて、いろいろな噂を耳にしていたからである。"
"茂る","しげる","to grow thickly, to be in full leaf, to be rampant, to luxuriate, to be luxurious","岸に沿ってかなり茂った森があり、美しい絵のような光景を示している。"
"一家団欒","いっかだんらん","happy family get-together","一家団欒というものが、やっぱり人生の最高の幸福なのかも知れない。"
"肥料","ひりょう","manure, fertilizer, fertiliser","肥料代は知れたものだが、収入のうちから日張博士に返すことにしよう。"
"傍","ボウ","bystander, side, besides, while, nearby, third person","傍には世話になった先生や世話焼き役の田中の小父さん等が一緒にいた。"
"備える","そなえる","to furnish with, to equip with, to provide, to install; to prepare for, to make preparations for, to make provision for; to possess (all that is needed), to be endowed with, to be equipped with; to be born with, to have since birth","それは、ひとの上に立つひとが自然に身に備える声であるのかもしれない。"
"情弱","じょうじゃく","person with limited access to information (via the Internet, television, etc.); person who is inept at using the Internet to access information, Internet illiterate","そもそも私が教えなければ、情弱のあなたはイベントの存在すら知らなかったはずよね。"
"捕まえる","つかまえる","to catch, to arrest, to seize","しかし二日経っても三日経っても、私はそれを捕まえる事ができません。"
"挙句","あげく","in the end (after a long process), finally, after all, at last; last line (of a renga)","いろいろ考えた挙句、そんなものには意味がないと結論したのであろう。"
